segmento,total_clientes,gasto_total,gasto_promedio
Regular,11860,7.315983216E7,1223.2
Premium,4071,2.52852693E7,1236.38
Nuevo,3941,2.407560779E7,1219.7
