tienda,total_ventas,ingresos_totales
Open Plaza,20056,2.479070585E7
Mall Aventura,20102,2.461739308E7
Jockey Plaza,19952,2.452437217E7
Real Plaza,19985,2.4482939E7
Mega Plaza,19905,2.410529915E7
