categoria,total_ventas,ingresos_totales,ticket_promedio
Hogar,20204,2.54324592E7,1258.78
Accesorios,19720,2.494831784E7,1265.13
Deportes,20843,2.464043148E7,1182.19
Ropa,19495,2.388354921E7,1225.11
Calzado,19738,2.361595152E7,1196.47
