ciudad,total_transacciones,ingresos_totales,ticket_promedio
Lima,16878,2.083621992E7,1234.52
Chiclayo,16756,2.076864943E7,1239.48
Cusco,16681,2.039971012E7,1222.93
Trujillo,16677,2.03697642E7,1221.43
Arequipa,16552,2.010653272E7,1214.75
Piura,16456,2.003983286E7,1217.78
